{"loss": [1.1134614944458008, 1.0979275703430176, 1.0979623794555664, 1.096759557723999, 1.0954490900039673, 1.0930280685424805, 1.094768762588501, 1.0936431884765625, 1.095110297203064, 1.0930570363998413, 1.092926263809204, 1.0917441844940186, 1.0904892683029175, 1.0901283025741577, 1.0931001901626587, 1.0933420658111572, 1.0907936096191406, 1.086569905281067, 1.0919183492660522, 1.0907145738601685, 1.0921740531921387, 1.0869784355163574, 1.0919033288955688, 1.089334487915039, 1.089745044708252, 1.0849801301956177, 1.0868836641311646, 1.0857993364334106, 1.0834944248199463, 1.0857878923416138, 1.0898284912109375, 1.0837510824203491, 1.0873233079910278, 1.0849382877349854, 1.079152226448059, 1.0804674625396729, 1.0850427150726318, 1.0829215049743652, 1.0745553970336914, 1.0758798122406006, 1.0878300666809082, 1.0785468816757202, 1.0769840478897095, 1.0840250253677368, 1.075546145439148, 1.0814319849014282, 1.0737637281417847, 1.0742030143737793, 1.076774001121521, 1.0711172819137573, 1.0770509243011475, 1.070994257926941, 1.0715432167053223, 1.0756231546401978, 1.0690940618515015, 1.0717967748641968, 1.0728346109390259, 1.0650899410247803, 1.0703365802764893, 1.0748753547668457, 1.0699694156646729, 1.0722699165344238, 1.0669466257095337, 1.060237169265747, 1.0669879913330078, 1.0642871856689453, 1.0658392906188965, 1.063688039779663, 1.057755470275879, 1.0623114109039307, 1.0549077987670898, 1.0634245872497559, 1.0557140111923218, 1.0543408393859863, 1.059964656829834, 1.0539828538894653, 1.0451282262802124, 1.0477936267852783, 1.0496456623077393, 1.036523699760437, 1.0536445379257202, 1.0494589805603027, 1.0530803203582764, 1.0509008169174194, 1.0502046346664429, 1.0573087930679321, 1.0414258241653442, 1.0474438667297363, 1.0367752313613892, 1.0420424938201904, 1.0440337657928467, 1.0491065979003906, 1.0357239246368408, 1.0425281524658203, 1.041653037071228, 1.0414263010025024, 1.0397430658340454, 1.0344343185424805, 1.0335537195205688, 1.031227946281433], "accuracy": [0.31930527091026306, 0.34201738238334656, 0.3326653242111206, 0.3600534498691559, 0.3567134141921997, 0.34802940487861633, 0.3567134141921997, 0.36673346161842346, 0.3533734083175659, 0.3640614449977875, 0.37274548411369324, 0.37207749485969543, 0.3767535090446472, 0.37274548411369324, 0.380093514919281, 0.37207749485969543, 0.3734135031700134, 0.3767535090446472, 0.3834335207939148, 0.3607214391231537, 0.3627254366874695, 0.3874415457248688, 0.36472946405410767, 0.3620574474334717, 0.3767535090446472, 0.380093514919281, 0.385437548160553, 0.36606547236442566, 0.3987976014614105, 0.3807615339756012, 0.37207749485969543, 0.384101539850235, 0.380093514919281, 0.39679357409477234, 0.38810956478118896, 0.4054776132106781, 0.39612558484077454, 0.384101539850235, 0.4008015990257263, 0.3987976014614105, 0.384101539850235, 0.39612558484077454, 0.39078155159950256, 0.3807615339756012, 0.39679357409477234, 0.3807615339756012, 0.39746159315109253, 0.39545759558677673, 0.39478957653045654, 0.39612558484077454, 0.39078155159950256, 0.4088176488876343, 0.41215765476226807, 0.3994655907154083, 0.4068136215209961, 0.41416165232658386, 0.4001336097717285, 0.4228456914424896, 0.4008015990257263, 0.4101536273956299, 0.4001336097717285, 0.41816967725753784, 0.4275217056274414, 0.42084169387817383, 0.39612558484077454, 0.4308617115020752, 0.4101536273956299, 0.41750165820121765, 0.4241816997528076, 0.4221777021884918, 0.4261856973171234, 0.41282564401626587, 0.41282564401626587, 0.4281897246837616, 0.4335337281227112, 0.41482967138290405, 0.43687373399734497, 0.43420174717903137, 0.4308617115020752, 0.44221776723861694, 0.42084169387817383, 0.43954575061798096, 0.4335337281227112, 0.41950568556785583, 0.4221777021884918, 0.41816967725753784, 0.43553775548934937, 0.43820974230766296, 0.4495657980442047, 0.4321977198123932, 0.44422176480293274, 0.43754175305366516, 0.4569138288497925, 0.4462257921695709, 0.4348697364330292, 0.4555778205394745, 0.4535738229751587, 0.4321977198123932, 0.44355377554893494, 0.46225786209106445], "val_loss": [1.0991653203964233, 1.0971778631210327, 1.0975072383880615, 1.1007734537124634, 1.099243402481079, 1.1058542728424072, 1.1048387289047241, 1.1028560400009155, 1.1081593036651611, 1.102705478668213, 1.1035130023956299, 1.1063292026519775, 1.1041399240493774, 1.1043992042541504, 1.104638934135437, 1.0998470783233643, 1.0988171100616455, 1.092777967453003, 1.1003443002700806, 1.0996026992797852, 1.0899064540863037, 1.099686861038208, 1.0893901586532593, 1.093943476676941, 1.0828343629837036, 1.078482985496521, 1.0808157920837402, 1.0936086177825928, 1.0794564485549927, 1.0832267999649048, 1.0807101726531982, 1.0639392137527466, 1.0783956050872803, 1.0768134593963623, 1.0661827325820923, 1.0580103397369385, 1.0620121955871582, 1.0694377422332764, 1.0979230403900146, 1.0546295642852783, 1.0755470991134644, 1.066877007484436, 1.0761041641235352, 1.0678207874298096, 1.0604541301727295, 1.075806736946106, 1.0926523208618164, 1.0267521142959595, 1.053181767463684, 1.087287187576294, 1.0553663969039917, 1.0404908657073975, 1.0435280799865723, 1.041783094406128, 1.053866982460022, 1.066049575805664, 1.0598652362823486, 1.0522356033325195, 1.0667718648910522, 1.0526800155639648, 1.0228612422943115, 1.074277639389038, 1.045612096786499, 1.060016393661499, 1.022104024887085, 1.0692894458770752, 1.0614192485809326, 1.1009613275527954, 1.0287946462631226, 1.055888056755066, 1.0953285694122314, 1.005125641822815, 1.0068429708480835, 0.988741397857666, 1.0093247890472412, 1.004096269607544, 0.9886093139648438, 1.0425982475280762, 1.0295040607452393, 0.976420521736145, 1.0466769933700562, 1.0217721462249756, 1.065157175064087, 1.0385215282440186, 1.0033183097839355, 0.9790409803390503, 1.0676344633102417, 0.9676753282546997, 1.0699334144592285, 1.0024263858795166, 1.0344501733779907, 1.0570234060287476, 1.0668103694915771, 0.9960539937019348, 0.955814003944397, 0.994949221611023, 0.9689899682998657, 1.018445372581482, 1.0022647380828857, 1.012570858001709], "val_accuracy": [0.30000001192092896, 0.30000001192092896, 0.30000001192092896, 0.20000000298023224, 0.30000001192092896, 0.20000000298023224, 0.30000001192092896, 0.30000001192092896, 0.30000001192092896, 0.30000001192092896, 0.30000001192092896, 0.30000001192092896, 0.30000001192092896, 0.30000001192092896, 0.30000001192092896, 0.4000000059604645, 0.4000000059604645, 0.30000001192092896, 0.30000001192092896, 0.30000001192092896, 0.30000001192092896, 0.30000001192092896, 0.30000001192092896, 0.30000001192092896, 0.4000000059604645, 0.4000000059604645, 0.4000000059604645, 0.30000001192092896, 0.30000001192092896, 0.30000001192092896, 0.30000001192092896, 0.4000000059604645, 0.30000001192092896, 0.30000001192092896, 0.4000000059604645, 0.4000000059604645, 0.30000001192092896, 0.30000001192092896, 0.30000001192092896, 0.4000000059604645, 0.4000000059604645, 0.4000000059604645, 0.30000001192092896, 0.4000000059604645, 0.4000000059604645, 0.4000000059604645, 0.30000001192092896, 0.4000000059604645, 0.4000000059604645, 0.30000001192092896, 0.4000000059604645, 0.4000000059604645, 0.4000000059604645, 0.5, 0.5, 0.5, 0.30000001192092896, 0.5, 0.5, 0.5, 0.4000000059604645, 0.30000001192092896, 0.4000000059604645, 0.5, 0.5, 0.5, 0.4000000059604645, 0.30000001192092896, 0.5, 0.5, 0.30000001192092896, 0.5, 0.5, 0.699999988079071, 0.6000000238418579, 0.6000000238418579, 0.6000000238418579, 0.5, 0.4000000059604645, 0.6000000238418579, 0.5, 0.6000000238418579, 0.30000001192092896, 0.5, 0.5, 0.4000000059604645, 0.5, 0.5, 0.4000000059604645, 0.5, 0.5, 0.5, 0.5, 0.6000000238418579, 0.6000000238418579, 0.5, 0.5, 0.5, 0.5, 0.5]}